City_ID,City,Lat,Lng,Max Temp,Humidity,Cloudiness,Wind Speed,Country,Date
0,blackmans bay,-43.0167,147.3167,11.07,95,78,2.75,AU,1701198289
1,carnarvon,-24.8667,113.6333,21.41,64,100,8.65,AU,1701198289
2,egilsstadir,65.2653,-14.3948,4.95,75,75,5.14,IS,1701198290
3,torbat-e heydariyeh,35.274,59.2195,11.08,63,97,2.89,IR,1701198290
4,waitangi,-43.9535,-176.5597,16.57,90,74,3.13,NZ,1701198291
5,margaret river,-33.95,115.0667,14.53,91,4,1.29,AU,1701198291
6,pundong,-7.9522,110.3486,24.97,85,80,1.3,ID,1701198291
7,vernon,50.2581,-119.2691,3.34,59,6,2.24,CA,1701198002
8,bethel,41.3712,-73.414,2.78,57,75,9.26,US,1701198209
9,adamstown,-25.066,-130.1015,23.21,86,100,7.8,PN,1701198292
10,keetmanshoop,-26.5833,18.1333,25.51,27,100,6.17,NA,1701198293
11,hasaki,35.7333,140.8333,2.22,37,0,3.31,JP,1701198293
12,kone,-21.0595,164.8658,22.05,83,100,2.02,NC,1701198293
13,port-aux-francais,-49.35,70.2167,4.96,98,100,16.77,TF,1701198294
14,ushuaia,-54.8,-68.3,14.81,36,40,8.75,AR,1701198294
15,islamkot,24.6997,70.177,21.28,37,0,3.13,PK,1701198294
16,isafjordur,66.0755,-23.124,0.6,73,100,0.67,IS,1701198295
17,papao,-17.75,-149.55,28.82,83,100,10.74,PF,1701198295
18,westport,41.1415,-73.3579,4.29,52,100,6.17,US,1701198122
19,nabire,-3.3667,135.4833,23.47,93,100,2.11,ID,1701198295
20,bredasdorp,-34.5322,20.0403,16.39,68,2,4.66,ZA,1701198296
21,ciudad bolivar,8.1222,-63.5497,30.96,53,100,4.42,VE,1701198296
22,bemidji,47.4736,-94.8803,-0.06,69,75,5.66,US,1701198296
23,afaahiti,-17.75,-149.2833,27.93,84,100,9.67,PF,1701198297
24,stanley,54.868,-1.6985,0.95,90,4,4.33,GB,1701198297
25,albany,42.6001,-73.9662,1.99,42,100,2.68,US,1701198016
26,grytviken,-54.2811,-36.5092,1.29,70,0,3.69,GS,1701198297
27,monchegorsk,67.9397,32.8739,-5.5,92,86,5.87,RU,1701198298
28,geraldton,-28.7667,114.6,18.23,77,75,0.51,AU,1701198158
29,lata,40.1629,-8.3327,16.56,95,74,1.77,PT,1701198298
30,olonkinbyen,70.9221,-8.7187,2.05,75,100,4.34,SJ,1701198298
31,freetown,8.484,-13.2299,28.84,70,75,4.12,SL,1701198299
32,les avirons,-21.2418,55.3394,22.05,69,13,2.57,RE,1701198299
33,invercargill,-46.4,168.35,8.9,78,99,4.47,NZ,1701198299
34,reggane,26.7158,0.1714,19.68,23,100,3.24,DZ,1701198299
35,tiksi,71.6872,128.8694,-16.76,90,100,8.49,RU,1701198157
36,bilibino,68.0546,166.4372,-29.26,100,100,1.03,RU,1701198300
37,atafu village,-8.5421,-172.5159,28.2,77,100,6.68,TK,1701198300
38,ghat,24.9647,10.1728,19.89,15,0,1.19,LY,1701198300
39,northam,51.0333,-4.2167,4.66,87,8,1.95,GB,1701198300
40,san antonio de pale,-1.4014,5.6325,26.85,81,20,4.56,GQ,1701198301
41,sur,22.5667,59.5289,24.38,68,0,3.94,OM,1701198301
42,kodiak,57.79,-152.4072,5.55,81,100,10.71,US,1701198042
43,aswan,24.0934,32.907,21.61,35,0,4.63,EG,1701198106
44,iqaluit,63.7506,-68.5145,-1.15,92,100,9.77,CA,1701198014
45,mount pearl,47.5166,-52.7813,8.86,96,100,18.01,CA,1701198303
46,plastun,44.7561,136.2939,-11.85,57,0,4.75,RU,1701198304
47,new norfolk,-42.7826,147.0587,11.72,96,96,1.03,AU,1701198304
48,ancud,-41.8697,-73.8203,12.33,71,31,6.67,CL,1701198305
49,myeik,12.4333,98.6,23.41,72,99,2.31,MM,1701198306
50,thompson,55.7435,-97.8558,-11.91,79,100,0.0,CA,1701198306
51,kalmunai,7.4167,81.8167,25.15,86,100,1.01,LK,1701198306
52,cabo san lucas,22.8909,-109.9124,29.78,54,0,1.54,MX,1701198175
53,springs,-26.25,28.4,23.01,72,100,1.8,ZA,1701198307
54,puerto natales,-51.7236,-72.4875,12.25,43,75,11.83,CL,1701198308
55,dudinka,69.4058,86.1778,-25.76,100,70,1.35,RU,1701198308
56,uturoa,-16.7333,-151.4333,27.0,79,59,7.94,PF,1701198309
57,edinburgh of the seven seas,-37.0676,-12.3116,14.28,81,99,8.71,SH,1701198309
58,vanino,49.0869,140.2543,-11.15,85,100,5.8,RU,1701198310
59,qaqortoq,60.7167,-46.0333,-9.17,63,100,3.35,GL,1701198310
60,salmon arm,50.6998,-119.3024,3.62,56,73,2.57,CA,1701198031
61,kerikeri,-35.2268,173.9474,16.62,92,100,1.72,NZ,1701198312
62,gulma,12.6423,4.3555,30.82,21,7,3.52,NG,1701198312
63,muravlenko,63.7898,74.523,-3.08,90,100,4.22,RU,1701198312
64,itirucu,-13.5317,-40.1503,25.97,52,93,3.69,BR,1701198313
65,east ballina,-28.8667,153.5833,19.33,93,100,2.23,AU,1701198313
66,san andres,12.5847,-81.7006,31.01,66,20,6.17,CO,1701198314
67,serdar,38.9764,56.2757,9.47,68,1,3.76,TM,1701198314
68,baikonur,45.6167,63.3167,8.52,87,100,5.56,KZ,1701198315
69,vorgashor,67.5833,63.95,-14.32,92,100,3.26,RU,1701198315
70,chibougamau,49.9168,-74.3659,-9.21,86,100,4.12,CA,1701198316
71,ciudad lazaro cardenas,17.9583,-102.2,30.74,58,63,3.06,MX,1701198318
72,kayangel,8.0823,134.7173,28.71,79,92,7.97,PW,1701198318
73,bontang,0.1333,117.5,25.8,85,91,1.15,ID,1701198319
74,sinabang,2.4803,96.3801,26.47,85,100,4.44,ID,1701198322
75,punta arenas,-53.15,-70.9167,14.06,33,40,16.98,CL,1701198324
76,sola,-13.8833,167.55,24.37,94,75,0.0,VU,1701198325
77,bandeirantes,-23.11,-50.3675,32.17,43,93,4.15,BR,1701198325
78,porto novo,6.4965,2.6036,28.9,81,77,3.33,BJ,1701198329
79,mil'kovo,55.6078,37.7956,-4.78,97,69,3.27,RU,1701198332
80,lebu,-37.6167,-73.65,13.89,72,5,6.95,CL,1701198332
81,raja,8.4596,25.678,27.91,24,100,2.03,SS,1701198333
82,constantia,44.1833,28.65,9.38,84,100,11.57,RO,1701198042
83,guankou,28.15,113.6333,10.89,74,67,2.02,CN,1701198335
84,fallon,39.4735,-118.7774,6.62,63,40,1.54,US,1701198335
85,dauphin,51.1494,-100.0502,2.08,64,0,10.8,CA,1701198335
86,hauterive,46.0901,3.4459,6.42,84,97,1.19,FR,1701198336
87,raduzhny,62.0961,77.475,-3.89,86,100,4.2,RU,1701198336
88,qurayyat,31.3318,37.3428,12.1,58,20,0.0,SA,1701198157
89,salalah,17.0151,54.0924,26.05,69,0,1.54,OM,1701198337
90,gebeit,21.0667,36.3167,21.75,63,5,2.32,SD,1701198338
91,fayroz koh,34.5195,65.2509,4.57,34,100,1.2,AF,1701198338
92,acarau,-2.8856,-40.12,29.61,66,6,8.31,BR,1701198069
93,riversdale,18.1659,-76.9642,28.92,68,67,2.06,JM,1701198339
94,kingston,17.997,-76.7936,29.53,83,75,4.63,JM,1701198339
95,axim,4.8699,-2.2405,26.63,80,18,2.71,GH,1701198340
96,aykhal,66.0,111.5,-19.7,95,100,3.14,RU,1701198340
97,longyearbyen,78.2186,15.6401,1.91,80,75,4.12,SJ,1701198340
98,lochbuie,40.0072,-104.7161,14.62,34,20,3.58,US,1701198341
99,arteche,12.2645,125.4048,26.48,90,100,4.3,PH,1701198341
100,papatowai,-46.5619,169.4708,8.83,65,94,5.4,NZ,1701198341
101,la ronge,55.1001,-105.2842,2.14,60,20,8.23,CA,1701198342
102,hermanus,-34.4187,19.2345,17.32,73,10,4.93,ZA,1701198342
103,lihue,21.9789,-159.3672,21.92,92,100,3.6,US,1701198342
104,happy valley-goose bay,53.3168,-60.3315,4.17,81,100,3.09,CA,1701198342
105,yichang,30.7144,111.2847,12.78,66,44,1.02,CN,1701198342
106,vikulovo,56.8167,70.6107,-2.27,78,100,4.92,RU,1701198343
107,dampit,-8.2116,112.7493,21.3,91,100,0.93,ID,1701198343
108,hithadhoo,-0.6,73.0833,28.01,75,80,4.42,MV,1701198343
109,midvagur,62.0511,-7.1939,2.46,80,100,0.51,FO,1701198344
110,masterton,-40.9597,175.6575,13.27,98,100,2.99,NZ,1701198344
111,chui,-33.6971,-53.4616,22.11,80,85,7.2,UY,1701198264
112,yellowknife,62.456,-114.3525,-13.66,96,75,1.03,CA,1701198310
113,bodo,67.28,14.405,-2.9,68,0,5.14,NO,1701198345
114,dellys,36.9172,3.9131,16.67,82,71,4.93,DZ,1701198345
115,ndjole,-0.1783,10.7649,23.77,94,93,0.27,GA,1701198345
116,licata,37.1071,13.9461,16.65,81,94,7.33,IT,1701198345
117,st. john's,47.5649,-52.7093,9.32,96,100,18.01,CA,1701198342
118,myanaung,18.2833,95.3167,20.82,76,7,3.42,MM,1701198346
119,lensk,60.7253,114.9278,-21.9,96,32,3.08,RU,1701198346
120,dunedin,-45.8742,170.5036,9.89,65,53,3.58,NZ,1701198346
121,anadyr,64.75,177.4833,-4.72,86,75,10.0,RU,1701198347
122,lucapa,-8.4192,20.7447,18.44,92,99,1.16,AO,1701198347
123,murzuq,25.9155,13.9184,17.14,25,0,3.37,LY,1701198347
124,fandrandava,-21.5208,47.2453,17.4,98,19,0.23,MG,1701198348
125,stephenville,32.2207,-98.2023,16.04,29,40,2.57,US,1701198348
126,jamestown,42.097,-79.2353,-3.03,86,100,9.26,US,1701198119
127,cromwell,41.5951,-72.6454,3.49,54,75,8.75,US,1701198061
128,molde,62.7375,7.1591,-6.09,79,75,8.75,NO,1701198348
129,fisterra,42.9049,-9.2629,15.97,95,100,8.62,ES,1701198349
130,el bauga,18.262,33.9081,27.71,33,0,5.72,SD,1701198349
131,rice lake,45.5061,-91.7382,-5.82,55,0,4.63,US,1701198349
132,mossel bay,-34.1831,22.146,17.96,64,6,6.86,ZA,1701198349
133,leticia,-4.2153,-69.9406,32.03,70,40,2.06,CO,1701198350
134,mahina,-17.5065,-149.489,28.87,74,75,2.57,PF,1701198350
135,kindu,-2.95,25.95,21.45,96,51,0.99,CD,1701198351
136,hawaiian paradise park,19.5933,-154.9731,24.73,88,40,5.14,US,1701198351
137,bayganin,48.6947,55.8742,0.65,69,100,7.53,KZ,1701198351
138,wotho,10.1657,166.0102,27.7,70,12,10.28,MH,1701198351
139,la passe,45.5549,-0.8967,6.13,73,7,1.09,FR,1701198352
140,east london,-33.0153,27.9116,20.52,77,20,5.66,ZA,1701198352
141,nguigmi,14.2495,13.1092,27.2,21,11,6.25,NE,1701198352
142,retreat,38.8245,-85.8533,-0.47,49,0,3.61,US,1701198353
143,dakhla,23.6848,-15.958,21.01,52,0,4.63,EH,1701198353
144,dryden,49.7833,-92.7503,-10.84,85,100,5.66,CA,1701198353
145,chettipalaiyam,10.9,77.0667,24.97,83,40,1.03,IN,1701198353
146,hays,30.0502,-98.0336,16.16,35,1,0.45,US,1701198354
147,port elizabeth,-33.918,25.5701,18.16,90,40,9.77,ZA,1701198354
148,tazacorte,28.629,-17.9293,20.54,80,0,2.57,ES,1701198354
149,inarajan village,13.2736,144.7484,28.08,90,25,8.39,GU,1701198355
150,harper,4.375,-7.7169,26.42,81,100,2.44,LR,1701198355
151,port macquarie,-31.4333,152.9167,18.83,87,100,4.57,AU,1701198273
152,avarua,-21.2078,-159.775,25.03,83,75,8.23,CK,1701198355
153,cooper's town,26.8667,-77.5167,21.98,62,95,5.49,BS,1701198356
154,sao joao da barra,-21.6403,-41.0511,28.05,84,100,5.71,BR,1701198335
155,iskateley,67.6803,53.1512,-17.21,95,100,4.92,RU,1701198356
156,rehoboth,-23.3167,17.0833,25.26,39,100,5.7,NA,1701198357
157,annonay,45.2397,4.6708,5.58,88,64,3.57,FR,1701198357
158,namibe,-15.1961,12.1522,23.68,75,77,1.8,AO,1701198357
159,prado,-17.3411,-39.2208,27.13,73,15,6.12,BR,1701198358
160,zakamensk,50.3741,103.2863,-20.53,96,66,1.42,RU,1701198358
161,bac lieu,9.285,105.7244,24.76,88,100,4.97,VN,1701198358
162,mar del plata,-38.0023,-57.5575,28.79,89,0,8.94,AR,1701198068
163,college,64.8569,-147.8028,-9.03,89,75,0.0,US,1701198086
164,banda aceh,5.5577,95.3222,26.11,84,98,2.0,ID,1701198359
165,whitehorse,60.7161,-135.0538,-6.57,68,20,2.06,CA,1701198086
166,devils lake,48.1128,-98.8651,3.3,63,0,9.77,US,1701198046
167,ust-nera,64.5667,143.2,-21.5,99,100,1.27,RU,1701198360
168,lerwick,60.1545,-1.1494,2.0,65,100,5.56,GB,1701198360
169,al wajh,26.2455,36.4525,22.97,46,0,2.06,SA,1701198360
170,melekeok village,7.4957,134.6367,27.31,89,75,2.57,PW,1701198360
171,badger,64.8,-147.5333,-9.07,87,100,2.06,US,1701198361
172,mata de sao joao,-12.5303,-38.2992,28.86,56,100,4.48,BR,1701198361
173,tsiombe,-25.3,45.4833,24.69,86,56,6.08,MG,1701198361
174,kaa-khem,51.6833,94.7333,-19.57,95,81,1.57,RU,1701198361
175,port alfred,-33.5906,26.891,20.1,82,100,3.13,ZA,1701198362
176,castillos,-34.1667,-53.8333,22.94,75,63,6.85,UY,1701198363
177,mugia,43.1041,-9.2179,16.06,93,100,7.08,ES,1701198363
178,ad dabbah,18.05,30.95,25.92,23,0,6.04,SD,1701198363
179,santa rosa,14.3122,121.1114,26.99,95,90,5.45,PH,1701198090
180,west island,-12.1568,96.8225,25.99,73,75,3.6,CC,1701198364
181,anaco,9.4389,-64.4728,32.87,42,12,4.89,VE,1701198364
182,gadzhiyevo,69.2551,33.3362,-1.43,80,99,8.14,RU,1701198365
183,treasure island,27.7692,-82.769,15.03,54,100,4.63,US,1701198365
184,puerto aysen,-45.4,-72.7,9.17,99,100,2.95,CL,1701198366
185,tshabong,-26.05,22.45,28.1,34,97,5.17,BW,1701198366
186,puerto ayora,-0.7393,-90.3518,28.98,94,93,6.71,EC,1701198366
187,nova sintra,14.8667,-24.7167,22.0,69,16,5.41,CV,1701198367
188,le vauclin,14.5452,-60.8388,31.03,66,20,6.17,MQ,1701198367
189,pangkalanbuun,-2.6833,111.6167,23.95,96,100,0.77,ID,1701198368
190,flying fish cove,-10.4217,105.6791,25.86,67,97,7.75,CX,1701198368
191,ennis,52.8436,-8.9864,6.96,81,75,0.0,IE,1701198369
192,junagarh,19.8667,82.9333,18.55,69,0,0.86,IN,1701198369
193,san jose el alto,20.65,-100.3667,21.59,56,100,8.23,MX,1701198370
194,weno,7.4515,151.8468,27.97,78,75,3.09,FM,1701198370
195,hashtpar,37.8008,48.9037,11.17,88,100,0.46,IR,1701198370
196,panzos,15.4,-89.6667,27.72,76,100,1.29,GT,1701198371
197,arkhara,49.4212,130.0842,-24.76,100,96,0.45,RU,1701198372
198,abepura,-2.6333,140.5833,23.45,100,20,1.03,ID,1701198372
199,suva,-18.1416,178.4415,25.71,94,75,1.03,FJ,1701198372
200,tidjikja,18.5564,-11.4271,24.75,13,23,4.33,MR,1701198166
201,pitea,65.3172,21.4794,-3.95,94,100,7.96,SE,1701198373
202,vilyuchinsk,52.9306,158.4028,-8.37,85,100,2.98,RU,1701198373
203,kostopil',50.8784,26.4519,-1.18,88,100,5.72,UA,1701198374
204,bayside,40.8424,-124.0637,16.32,54,0,3.6,US,1701198375
205,amahai,-3.3333,128.9167,25.41,82,100,1.63,ID,1701198375
206,alesund,62.4723,6.1549,-1.25,70,40,12.35,NO,1701198375
207,eydhafushi,5.1033,73.0708,28.24,72,100,5.51,MV,1701198376
208,griffith,41.5284,-87.4237,-2.75,52,0,4.12,US,1701198376
209,pyu,18.4833,96.4333,20.24,90,19,2.61,MM,1701198376
210,cherepovets,59.1333,37.9,-4.1,86,75,3.0,RU,1701198377
211,colonia,50.9333,6.95,2.14,82,20,1.54,DE,1701198284
212,obudu,6.6674,9.1716,26.12,78,100,2.34,NG,1701198377
213,undurkhaan,47.3194,110.6556,-23.5,87,8,3.07,MN,1701198378
214,charters towers,-20.1,146.2667,23.3,85,0,3.16,AU,1701198378
215,tafuna,-14.3358,-170.72,27.97,94,100,7.2,AS,1701198378
216,qingshuping,27.3817,112.0221,13.87,69,26,0.62,CN,1701198379
217,port mathurin,-19.6833,63.4167,25.05,78,75,4.12,MU,1701198379
218,newman,37.3138,-121.0208,16.68,10,0,2.34,US,1701198379
219,port augusta,-32.5,137.7667,16.59,75,100,8.0,AU,1701198380
220,san pedro pochutla,15.7333,-96.4667,29.84,56,91,1.93,MX,1701198380
221,neya,58.2972,43.8681,-5.3,96,94,2.65,RU,1701198380
222,kawambwa,-9.7915,29.0791,18.35,94,100,1.56,ZM,1701198381
223,nar'yan-mar,67.6713,53.087,-17.16,95,100,4.92,RU,1701198381
224,wailua homesteads,22.0669,-159.378,21.59,93,100,3.6,US,1701198382
225,howrah,22.5892,88.3103,24.0,69,20,1.54,IN,1701198382
226,katsuura,35.1333,140.3,11.82,59,0,3.33,JP,1701198383
227,sitka,57.0531,-135.33,3.94,93,40,2.06,US,1701198383
228,sterling,39.0062,-77.4286,4.43,38,75,9.26,US,1701198165
229,ta`u,-14.2336,-169.5144,27.46,81,100,8.69,AS,1701198384
230,barah,13.7,30.3667,27.05,26,6,5.24,SD,1701198384
231,laguna,38.421,-121.4238,17.27,50,0,1.54,US,1701198384
232,cabedelo,-6.9811,-34.8339,29.37,66,99,6.73,BR,1701198314
233,cidreira,-30.1811,-50.2056,19.29,92,100,8.27,BR,1701198385
234,motygino,58.1831,94.7592,-21.96,96,100,0.89,RU,1701198385
235,kailua-kona,19.6406,-155.9956,25.98,81,40,2.57,US,1701198271
236,kashgar,39.4547,75.9797,4.56,38,12,4.0,CN,1701198386
237,georgetown,5.4112,100.3354,26.96,79,20,1.54,MY,1701198386
238,siwa oasis,29.2041,25.5195,15.94,47,75,3.15,EG,1701198387
239,formosa do rio preto,-11.0483,-45.1931,37.54,16,16,1.71,BR,1701198383
240,fort bragg,35.139,-79.006,12.17,35,0,4.92,US,1701198127
241,talnakh,69.4865,88.3972,-23.74,98,33,2.0,RU,1701198388
242,abu qurqas,27.9312,30.8384,17.9,37,100,3.55,EG,1701198388
243,banchory,57.0517,-2.4882,2.98,95,99,3.84,GB,1701198388
244,kristinestad,62.2743,21.376,-3.28,87,100,6.65,FI,1701198389
245,issia,6.4922,-6.5856,24.59,86,58,1.61,CI,1701198389
246,celestun,20.8667,-90.4,25.03,82,100,8.13,MX,1701198389
247,brookings,44.3114,-96.7984,4.51,60,0,8.75,US,1701198254
248,laojunmiao,39.8333,97.7333,-4.5,58,0,2.37,CN,1701198390
249,onega,63.9061,38.1404,-5.62,89,100,5.21,RU,1701198391
250,pasuquin,18.3328,120.6177,23.97,94,20,1.03,PH,1701198391
251,igrim,63.1906,64.4162,-3.47,97,100,2.09,RU,1701198391
252,kloulklubed,7.0419,134.2556,27.28,77,99,7.5,PW,1701198392
253,kudahuvadhoo,2.6708,72.8944,27.21,79,100,4.51,MV,1701198392
254,powell river,49.8496,-124.5361,5.15,69,100,1.09,CA,1701198131
255,saint peter,13.25,-59.6167,28.31,73,3,6.32,BB,1701198393
256,banamba,13.55,-7.45,28.54,18,0,3.73,ML,1701198393
257,haiku-pauwela,20.9219,-156.3051,26.69,71,20,3.09,US,1701198393
258,port saint john's,-31.6229,29.5448,21.84,86,100,8.29,ZA,1701198394
259,sanctuary point,-35.1114,150.629,20.74,96,100,8.82,AU,1701198394
260,douentza,14.9951,-2.9517,29.0,14,0,2.57,ML,1701198394
261,peniche,39.3558,-9.3811,16.98,91,100,7.35,PT,1701198395
262,tolanaro,-25.0319,46.9987,26.04,83,20,10.8,MG,1701198395
263,callao,-12.0667,-77.15,21.16,73,40,4.63,PE,1701198292
264,timimoun,29.2639,0.231,18.21,15,0,2.06,DZ,1701198396
265,beau vallon,-20.4189,57.6953,25.13,83,40,1.54,MU,1701198396
266,ouro sogui,15.6,-13.3167,35.01,29,0,0.0,SN,1701198397
267,ilulissat,69.2167,-51.1,-6.99,58,20,12.86,GL,1701198398
268,jambi city,-1.6,103.6167,23.28,98,61,0.45,ID,1701198399
269,troy,42.6056,-83.1499,-1.2,60,40,6.69,US,1701198272
270,guerrero negro,27.9769,-114.0611,21.12,55,100,1.46,MX,1701198399
271,balabac,7.9868,117.0645,27.7,81,16,5.59,PH,1701198400
272,hadibu,12.65,54.0333,25.63,68,100,5.0,YE,1701198400
273,newnham,-41.3833,147.1333,10.93,87,69,6.69,AU,1701198400
274,horta,38.5333,-28.6333,18.9,96,75,6.71,PT,1701198401
275,karratha,-20.7377,116.8463,23.75,53,0,7.7,AU,1701198401
276,barreirinhas,-2.7469,-42.8264,28.28,70,82,4.96,BR,1701198401
277,nikolayevsk-on-amure,53.1406,140.73,-18.55,93,98,1.66,RU,1701198402
278,tyrnavos,39.7378,22.2892,5.9,100,75,2.06,GR,1701198402
279,ohara,35.25,140.3833,11.12,59,0,1.99,JP,1701198403
280,broome,42.2506,-75.833,-0.17,64,100,7.2,US,1701198403
281,hamilton,39.1834,-84.5333,-1.39,57,40,5.66,US,1701198053
282,longboat key,27.4125,-82.659,15.56,48,0,5.66,US,1701198179
283,vadso,70.0744,29.7487,1.09,75,75,8.23,NO,1701198207
284,popondetta,-8.7537,148.2534,23.47,95,100,1.36,PG,1701198404
285,ribeira grande,38.5167,-28.7,19.32,100,75,6.71,PT,1701198404
286,katsuren-haebaru,26.3369,127.8719,17.21,63,0,2.57,JP,1701198405
287,holualoa,19.6228,-155.9522,24.32,79,40,2.57,US,1701198405
288,thohoyandou,-22.9456,30.485,26.61,35,40,1.5,ZA,1701198405
289,camayenne,9.535,-13.6878,28.54,73,2,6.61,GN,1701198406
290,chegutu,-18.1302,30.1407,27.67,21,95,1.56,ZW,1701198406
291,lewistown,40.5992,-77.5714,-0.11,74,75,5.14,US,1701198406
292,ambon,-3.6954,128.1814,29.95,58,40,0.51,ID,1701198406
293,lorengau,-2.0226,147.2712,26.92,80,100,1.11,PG,1701198407
294,fayzabad,37.1166,70.58,12.21,32,100,2.48,AF,1701198407
295,taltal,-25.4,-70.4833,19.73,69,22,4.41,CL,1701198021
296,nemuro,43.3236,145.575,1.99,76,100,9.03,JP,1701198408
297,dickinson,29.4608,-95.0513,16.72,49,40,4.63,US,1701198261
298,codrington,-38.2667,141.9667,14.65,93,100,8.67,AU,1701198408
299,hilo,19.7297,-155.09,26.82,80,40,5.14,US,1701198271
300,lazaro cardenas,17.9583,-102.2,30.74,58,63,3.06,MX,1701198407
301,valentin gomez farias,28.2167,-106.5833,15.91,46,100,3.47,MX,1701198409
302,lengshuijiang,27.6881,111.4294,13.31,67,50,0.08,CN,1701198409
303,pandan,14.0453,124.1694,26.77,88,77,5.99,PH,1701198409
304,terrace,54.5163,-128.6035,5.12,99,100,1.17,CA,1701198410
305,udachny,66.4167,112.4,-17.99,93,100,9.47,RU,1701198410
306,southeast arcadia,27.1863,-81.8521,16.15,65,100,1.34,US,1701198410
307,fale old settlement,-9.3852,-171.2468,28.5,72,100,6.77,TK,1701198410
308,ulladulla,-35.35,150.4667,19.32,97,100,10.25,AU,1701198411
309,tazovsky,67.4667,78.7,-15.42,95,100,3.74,RU,1701198411
310,smirnovo,54.5125,69.4222,-2.56,82,51,6.01,KZ,1701198411
311,revda,56.801,59.9303,-3.31,99,100,1.86,RU,1701198411
312,ixtapa,20.7,-105.2,29.01,61,40,3.13,MX,1701198412
313,goz beida,13.95,20.55,28.36,13,0,3.67,TD,1701198412
314,dumas,35.8656,-101.9732,10.34,32,0,7.2,US,1701198412
315,zhigalovo,54.8097,105.1578,-21.83,100,73,1.0,RU,1701198412
316,karanpur,29.8419,73.4542,17.82,51,7,1.92,IN,1701198413
317,aleksandrovsk-sakhalinskiy,50.8975,142.1561,-13.02,78,100,6.53,RU,1701198413
318,taoudenni,22.6783,-3.9836,22.25,13,59,2.74,ML,1701198413
319,darwin,-12.4611,130.8418,26.99,89,40,1.54,AU,1701198413
320,mount gambier,-37.8333,140.7667,14.35,90,100,5.88,AU,1701198414
321,andovoranto,-18.95,49.1,23.57,81,0,2.8,MG,1701198414
322,kiruna,67.8557,20.2251,-5.49,80,100,6.69,SE,1701198414
323,fort st. john,56.2499,-120.8529,1.28,69,2,5.71,CA,1701198414
324,srikakulam,18.3,83.9,21.58,83,73,2.88,IN,1701198415
325,micheweni,-4.9667,39.8333,26.36,86,24,2.13,TZ,1701198415
326,crane,31.3974,-102.3501,12.75,39,53,4.29,US,1701198415
327,utrik,11.2278,169.8474,27.02,77,100,8.01,MH,1701198415
328,cockburn town,21.4612,-71.1419,27.29,69,6,4.42,TC,1701198326
329,pointe aux piments,-20.0628,57.5131,24.73,88,26,3.34,MU,1701198416
330,saipan,15.1355,145.701,27.39,78,40,5.66,MP,1701198416
331,gaspe,48.8334,-64.4819,1.95,75,75,7.2,CA,1701198362
332,puerto madero,14.7208,-92.4215,31.11,55,20,5.14,MX,1701198416
333,santiago de cao,-7.9589,-79.2392,21.07,78,20,6.17,PE,1701198417
334,paracale,14.2804,122.7881,26.08,92,98,4.42,PH,1701198417
335,berezovyy,51.6667,135.7,-16.97,88,96,0.41,RU,1701198417
336,polyarnyy,69.1989,33.4478,-2.29,83,93,7.42,RU,1701198417
337,inverell,-29.7833,151.1167,18.39,86,100,4.47,AU,1701198418
338,revelstoke,50.9832,-118.2023,0.39,70,7,1.21,CA,1701198418
339,mariental,-24.6333,17.9667,26.38,19,92,9.06,NA,1701198418
340,quellon,-43.1167,-73.6167,13.93,65,91,5.89,CL,1701198418
341,puerto maldonado,-12.6,-69.1833,26.22,89,75,1.54,PE,1701198419
342,ndele,8.4109,20.6473,27.65,26,39,1.13,CF,1701198419
343,namie,37.4833,141.0,6.51,74,13,2.98,JP,1701198419
344,oamaru,-45.0784,170.9801,8.54,78,0,4.85,NZ,1701198419
345,amga,60.8953,131.9608,-27.91,100,100,0.88,RU,1701198420
346,harstad,68.799,16.5293,-1.03,78,13,2.74,NO,1701198420
347,encantado,-29.2361,-51.8697,24.23,100,100,0.76,BR,1701198420
348,ust'-ilimsk,58.0006,102.6619,-21.96,99,76,1.56,RU,1701198420
349,marang,5.2056,103.2059,25.84,87,100,1.89,MY,1701198421
350,talcahuano,-36.7167,-73.1167,17.82,63,40,6.17,CL,1701198205
351,tura,25.5198,90.2201,18.68,70,100,1.28,IN,1701198421
352,chonchi,-42.6128,-73.8092,14.51,60,62,4.55,CL,1701198129
353,itteville,48.5154,2.3438,4.31,79,76,2.08,FR,1701198422
354,san julian,21.0167,-102.1667,19.8,47,100,3.34,MX,1701198422
355,yarmouth,41.7057,-70.2286,4.44,47,75,10.73,US,1701198423
356,ormara,25.2088,64.6357,24.47,60,61,3.66,PK,1701198423
357,paramonga,-10.6667,-77.8333,22.03,75,54,5.24,PE,1701198423
358,altay,47.8667,88.1167,-2.91,53,0,3.97,CN,1701198424
359,zolochiv,49.806,24.8944,-0.39,91,100,3.19,UA,1701198424
360,wynyard,-41.0,145.7167,12.88,76,11,6.2,AU,1701198424
361,tambacounda,13.7539,-13.7586,31.64,19,4,2.81,SN,1701198425
362,al kharijah,25.4514,30.5464,16.97,43,100,3.56,EG,1701198425
363,kununurra,-15.7667,128.7333,26.99,83,37,2.57,AU,1701198425
364,aasiaat,68.7098,-52.8699,-11.32,77,100,8.18,GL,1701198212
365,port-saint-louis-du-rhone,43.3833,4.8,9.38,66,0,5.14,FR,1701198426
366,palestine,31.9216,35.2033,11.08,78,81,1.87,PS,1701198193
367,port hedland,-20.3167,118.5667,25.03,78,100,5.66,AU,1701198427
368,onsong,42.9572,129.9933,-9.73,61,100,5.45,KP,1701198427
369,kirensk,57.7853,108.1119,-17.18,99,100,1.08,RU,1701198427
370,klyuchi,52.2667,79.1667,-1.01,63,100,4.25,RU,1701198427
371,rongelap,11.1635,166.8941,27.46,75,99,9.17,MH,1701198428
372,bozeman,45.6796,-111.0386,6.68,42,0,0.0,US,1701198358
373,changleng,28.7,115.8167,14.48,58,87,1.29,CN,1701198428
374,remire-montjoly,4.9167,-52.2667,31.02,66,40,5.66,GF,1701198429
375,saint-pierre,-21.3393,55.4781,23.82,69,11,2.57,RE,1701198429
376,lompoc,34.6391,-120.4579,20.56,45,0,1.34,US,1701198430
377,ponta delgada,37.7333,-25.6667,19.4,88,75,3.09,PT,1701198430
378,jamiltepec,16.2833,-97.8167,31.54,40,20,2.3,MX,1701198430
379,opuwo,-18.0607,13.84,25.99,51,100,2.4,NA,1701198431
380,mabaruma,8.2,-59.7833,30.28,61,10,3.69,GY,1701198431
381,kotabumi,-4.8333,104.9,24.2,93,100,1.61,ID,1701198431
382,nadym,65.5333,72.5167,-5.82,96,100,5.26,RU,1701198432
383,beloeil,45.5668,-73.1992,-1.43,61,75,8.75,CA,1701198328
384,kolpashevo,58.3131,82.9089,-11.61,95,86,2.24,RU,1701198433
385,xining,36.6167,101.7667,-1.6,52,28,1.11,CN,1701198433
386,tugulym,57.0591,64.6425,-0.93,93,98,3.13,RU,1701198433
387,langzhong,31.5504,105.9938,14.22,67,100,2.48,CN,1701198434
388,petropavlovsk-kamchatsky,53.0452,158.6483,-9.19,86,0,5.0,RU,1701198434
389,yelizovo,53.1873,158.3805,-8.44,72,0,5.0,RU,1701198434
390,olyokminsk,60.3736,120.4264,-16.97,90,100,4.49,RU,1701198435
391,imbituba,-28.24,-48.6703,22.7,96,100,3.49,BR,1701198363
392,rustenburg,-25.6676,27.2421,25.95,43,100,5.17,ZA,1701198436
393,syumsi,57.1111,51.6149,-2.99,97,100,2.42,RU,1701198436
394,tocopilla,-22.092,-70.1979,21.63,65,20,5.23,CL,1701198436
395,richmond,37.5538,-77.4603,8.93,30,75,10.29,US,1701198350
396,vilyuysk,63.7553,121.6247,-18.1,91,31,3.86,RU,1701198437
397,ingeniero jacobacci,-41.3427,-69.5448,20.06,18,0,11.23,AR,1701198347
398,ola,59.5833,151.2833,-13.6,75,100,4.16,RU,1701198438
399,road town,18.4167,-64.6167,29.05,70,20,4.12,VG,1701198438
400,khanty-mansiysk,61.0042,69.0019,-1.94,80,0,3.13,RU,1701198438
401,kolonia,50.9333,6.95,2.14,82,20,1.54,DE,1701198354
402,severo-yeniseyskiy,60.3725,93.0408,-17.46,92,100,0.89,RU,1701198439
403,loukhi,66.0764,33.0381,-4.01,82,100,7.52,RU,1701198439
404,kem',64.9555,34.5793,-2.06,80,100,10.4,RU,1701198439
405,inari,68.906,27.0288,-1.89,97,96,4.6,FI,1701198440
406,punta del este,-34.9667,-54.95,30.54,51,75,4.63,UY,1701198440
407,shalya,57.2471,58.7298,-1.51,92,100,3.4,RU,1701198440
408,coquimbo,-29.9533,-71.3436,17.85,72,75,5.14,CL,1701198375
409,tashla,51.7716,52.7427,-1.36,86,21,3.98,RU,1701198441
410,ad darb,17.7229,42.2526,28.72,71,19,3.27,SA,1701198441
411,luanda,-8.8368,13.2343,25.0,88,40,1.03,AO,1701198442
412,pacific grove,36.6177,-121.9166,18.56,47,0,4.92,US,1701198442
413,llanes,43.4198,-4.7549,13.98,93,100,2.31,ES,1701198242
414,domoni,-12.2569,44.5319,26.57,81,0,2.68,KM,1701198443
415,kralendijk,12.15,-68.2667,30.99,66,20,8.23,BQ,1701198443
416,pemangkat,1.1667,108.9667,25.85,86,100,2.28,ID,1701198443
417,aldan,58.6031,125.3894,-19.26,98,100,2.46,RU,1701198154
418,ingeniero guillermo n. juarez,-23.9,-61.85,37.86,34,1,1.87,AR,1701198444
419,kokopo,-4.352,152.2633,25.03,86,32,1.14,PG,1701198444
420,port lincoln,-34.7333,135.8667,14.85,89,60,8.14,AU,1701198444
421,urangan,-25.3,152.9,21.95,91,86,1.32,AU,1701198445
422,camocim,-2.9022,-40.8411,28.41,73,62,7.09,BR,1701198289
423,tacna,-18.0056,-70.2483,22.11,56,0,5.14,PE,1701198437
424,kiama,-34.6833,150.8667,20.88,96,100,5.36,AU,1701198445
425,sabang,5.8933,95.3214,26.69,80,97,2.13,ID,1701198446
426,richards bay,-28.783,32.0377,28.57,53,100,4.91,ZA,1701198446
427,mount isa,-20.7333,139.5,21.87,83,0,0.0,AU,1701198446
428,teguise,29.0605,-13.564,18.12,64,20,3.6,ES,1701198447
429,labytnangi,66.6572,66.4183,-10.25,93,100,6.59,RU,1701198207
430,la malbaie,47.6575,-70.1559,-1.86,65,91,5.37,CA,1701198447
431,igarape miri,-1.975,-48.9597,34.02,43,87,1.72,BR,1701198448
432,antonio enes,-16.2325,39.9086,26.76,81,8,3.72,MZ,1701198448
433,san patricio,28.017,-97.5169,16.04,41,94,1.45,US,1701198448
434,illizi,26.4833,8.4667,19.89,19,0,2.1,DZ,1701198165
435,puerto baquerizo moreno,-0.9,-89.6,24.78,76,44,8.83,EC,1701198449
436,igarka,67.4667,86.5833,-20.85,97,88,3.16,RU,1701198449
437,kourou,5.1552,-52.6478,31.03,68,26,3.95,GF,1701198449
438,trairi,-3.2778,-39.2689,28.96,65,29,5.78,BR,1701198254
439,al minya,28.1099,30.7503,17.54,38,100,3.91,EG,1701198450
440,qaisumah,28.3112,46.1273,16.98,55,0,3.09,SA,1701198450
441,klaksvik,62.2266,-6.589,2.51,61,100,7.84,FO,1701198450
442,dwarka,22.2394,68.9678,23.51,51,0,5.91,IN,1701198451
443,heroica guaymas,27.9333,-110.9,25.49,53,40,5.14,MX,1701198245
444,ankang,32.68,109.0172,12.5,64,100,0.89,CN,1701198451
445,ji'an,27.1172,114.9793,13.91,60,90,0.74,CN,1701198452
446,sokolka,53.4072,23.5023,-6.85,83,100,2.21,PL,1701198384
447,zvishavane,-20.3267,30.0665,25.85,23,31,2.29,ZW,1701198452
448,nagqu,31.5,92.0,-5.33,70,100,1.0,CN,1701198336
449,point pedro,9.8167,80.2333,26.62,80,100,2.98,LK,1701198453
450,conceicao da barra,-18.5933,-39.7322,28.19,58,59,5.12,BR,1701198453
451,chinde,26.8418,88.0763,13.19,63,100,1.62,NP,1701198453
452,pariaman,-0.619,100.12,26.03,89,100,1.79,ID,1701198454
453,sumbe,-11.2061,13.8437,24.66,88,100,1.25,AO,1701198454
454,horsham,51.064,-0.3272,6.08,82,40,3.09,GB,1701198455
455,kavieng,-2.5744,150.7967,27.31,80,91,2.18,PG,1701198455
456,kemijarvi,66.7131,27.4306,-5.33,82,99,7.04,FI,1701198455
457,andrews,32.3187,-102.5457,14.12,42,0,3.6,US,1701198456
458,hobyo,5.3505,48.5268,27.11,74,95,7.41,SO,1701198456
459,alofi,-19.0595,-169.9187,26.94,74,75,5.66,NU,1701198456
460,hammerfest,70.6634,23.6821,0.25,69,75,5.66,NO,1701198457
461,altai,46.3722,96.2583,-16.5,88,50,1.59,MN,1701198457
462,oltinko'l,40.8011,72.1634,12.59,32,82,1.35,UZ,1701198457
463,kurkino,53.4257,38.6582,-7.07,91,32,4.09,RU,1701198458
464,okha,53.5739,142.9478,-13.21,89,87,1.79,RU,1701198458
465,hoemul-li,41.4339,129.67,-3.67,33,0,4.68,KP,1701198458
466,nyachera,-0.9,30.4167,16.69,93,93,1.11,UG,1701198459
467,acworth,34.0659,-84.6769,10.76,39,0,7.2,US,1701198212
468,puerto deseado,-47.7503,-65.8938,20.81,21,16,11.57,AR,1701198459
469,achinsk,56.2694,90.4993,-14.9,98,30,1.79,RU,1701198459
470,enewetak,11.3474,162.3373,27.55,78,100,11.19,MH,1701198460
471,magadan,59.5667,150.8,-13.47,73,100,4.34,RU,1701198460
472,okhotsk,59.3833,143.3,-11.55,90,100,2.79,RU,1701198460
473,pompeu,-19.2244,-44.9353,28.56,48,100,0.97,BR,1701198461
474,soroca,48.1558,28.2975,3.0,95,100,6.03,MD,1701198461
475,cooma,-36.2333,149.1333,12.29,97,100,4.34,AU,1701198260
476,kapa'a,22.0752,-159.319,22.33,93,100,3.6,US,1701198461
477,kiunga,-6.1219,141.2906,22.99,100,100,0.74,PG,1701198462
478,nova vicosa,-17.8919,-39.3719,27.76,67,19,7.0,BR,1701198304
479,mingyue,43.1069,128.9217,-12.32,76,100,5.81,CN,1701198462
480,lashio,22.9333,97.75,13.09,96,6,0.82,MM,1701198462
481,kamloops,50.6665,-120.3192,2.54,68,5,0.89,CA,1701198463
482,angaur state,6.906,134.13,29.11,76,100,7.24,PW,1701198463
483,lamarque,-39.423,-65.7021,32.03,9,100,7.31,AR,1701198463
484,heihe,50.2441,127.4902,-18.25,88,99,2.49,CN,1701198463
485,amarante do maranhao,-5.5667,-46.7422,34.67,31,100,0.67,BR,1701198232
486,chongwe,-15.3292,28.682,25.51,46,90,3.49,ZM,1701198464
487,santa cruz de tenerife,28.4682,-16.2546,22.06,88,75,1.54,ES,1701198464
488,sangkhla buri,15.1555,98.4536,19.21,89,11,0.75,TH,1701198464
489,karungdong,5.8844,121.263,27.08,82,43,1.69,PH,1701198465
490,taulaga,-11.0553,-171.0883,28.18,76,100,6.89,AS,1701198465
491,sao jose da coroa grande,-8.8978,-35.1478,27.39,63,8,4.49,BR,1701198465
492,sandnessjoen,66.0217,12.6316,1.06,55,75,7.2,NO,1701198465
493,queenstown,-31.8976,26.8753,16.16,76,84,3.81,ZA,1701198466
494,kataysk,56.289,62.5841,-2.49,95,100,3.14,RU,1701198466
495,redencao,-4.2258,-38.7306,30.43,53,91,2.73,BR,1701198466
496,asaita,11.5636,41.4394,29.13,43,100,6.38,ET,1701198466
497,tokar,18.4254,37.729,27.07,71,25,6.5,SD,1701198466
498,paracuru,-3.41,-39.0306,27.84,66,23,6.23,BR,1701198467
499,cartagena del chaira,1.3349,-74.8429,28.06,89,37,1.49,CO,1701198338
500,ardon,43.17,44.29,-1.45,78,6,0.59,RU,1701198467
501,uribia,11.7139,-72.266,31.97,52,0,9.04,CO,1701198467
502,jackson,42.4165,-122.8345,2.93,65,0,0.0,US,1701198468
503,bhimunipatnam,17.8833,83.4333,23.73,81,79,3.25,IN,1701198438
504,whistler,50.1164,-122.9695,5.16,53,1,0.96,CA,1701198468
505,nanga eboko,4.6833,12.3667,21.94,85,52,1.52,CM,1701198468
506,kidal,18.4411,1.4078,26.71,12,0,3.87,ML,1701198469
507,inyonga,-6.7167,32.0667,18.08,92,99,0.96,TZ,1701198469
508,enriquillo,17.9,-71.2333,29.82,70,42,4.55,DO,1701198469
509,linxia chengguanzhen,35.6003,103.2064,0.97,54,75,1.03,CN,1701198469
510,aguilas,37.4063,-1.5829,16.65,62,100,0.5,ES,1701198470
511,luderitz,-26.6481,15.1594,21.54,62,83,9.43,NA,1701198470
512,al burayqah,30.4062,19.5739,18.4,44,4,6.29,LY,1701198470
513,arraial do cabo,-22.9661,-42.0278,25.92,78,40,9.77,BR,1701198471
514,bukama,-9.2,25.85,23.91,80,98,0.3,CD,1701198471
515,schweizer-reneke,-27.1887,25.3293,24.25,41,85,7.84,ZA,1701198471
516,buxerolles,46.6167,0.4833,6.97,87,0,0.51,FR,1701198471
517,staryya darohi,53.0402,28.267,-4.3,82,100,3.49,BY,1701198472
518,takoradi,4.8845,-1.7554,26.73,81,53,3.03,GH,1701198472
519,anshun,26.25,105.9333,10.43,68,100,5.69,CN,1701198472
520,schwaz,47.3391,11.7336,-0.54,76,100,1.63,AT,1701198472
521,slave lake,55.2834,-114.769,1.99,80,75,2.06,CA,1701198209
522,collie,-33.3667,116.15,12.5,98,7,0.65,AU,1701198473
523,aras-asan,8.8908,126.3033,25.95,87,100,1.41,PH,1701198473
524,chashniki,54.8569,29.1607,-12.52,97,80,2.59,BY,1701198473
525,kencong,-8.2833,113.3667,24.43,83,98,0.73,ID,1701198474
526,ghadamis,30.1337,9.5007,16.19,30,100,3.22,LY,1701198474
527,el galpon,-25.3807,-64.6526,37.07,32,8,4.67,AR,1701198474
528,fort saskatchewan,53.7168,-113.2187,6.73,58,14,5.36,CA,1701198475
529,kill devil hills,36.0307,-75.676,8.88,45,0,7.2,US,1701198475
530,loyew,51.9458,30.7953,-1.72,92,100,5.45,BY,1701198475
531,qui nhon,13.7667,109.2333,22.73,85,95,4.83,VN,1701198476
532,mizan teferi,6.9833,35.5833,17.47,86,28,1.2,ET,1701198476
533,anzio,41.4853,12.6179,12.78,60,65,2.42,IT,1701198476
534,champerico,14.3,-91.9167,35.3,71,100,3.06,GT,1701198476
535,ad dilam,23.9915,47.1627,22.01,36,0,5.4,SA,1701198477
536,isna,25.2934,32.554,19.54,33,100,4.23,EG,1701198477
537,sinan,34.8262,126.1086,9.31,65,71,5.57,KR,1701198477
538,kavaratti,10.5669,72.642,28.72,73,97,3.17,IN,1701198477
539,hlobyne,49.3878,33.2596,0.96,89,100,7.64,UA,1701198478
540,gwadar,25.1216,62.3254,24.61,56,2,3.39,PK,1701198478
541,strathfieldsaye,-36.8,144.3667,15.01,96,100,3.35,AU,1701198478
542,kwadukuza,-29.3282,31.2895,23.66,89,100,6.68,ZA,1701198479
543,nizhnyaya poyma,56.1622,97.1933,-20.28,98,33,1.09,RU,1701198479
544,sao vicente,-23.9631,-46.3919,34.1,59,100,2.24,BR,1701198479
545,hami,42.8,93.45,2.27,31,6,2.94,CN,1701198479
546,bilmak,47.3624,36.6511,2.3,88,75,4.88,UA,1701198480
547,hotan,37.0997,79.9269,3.66,26,38,1.51,CN,1701198480
548,yorkton,51.2167,-102.4677,1.3,67,7,6.59,CA,1701198480
549,aljezur,37.3191,-8.8033,16.58,83,82,3.2,PT,1701198480
550,antsiranana,-12.2787,49.2917,25.36,87,93,4.29,MG,1701198481
551,rouyn-noranda,48.2398,-79.0288,-9.02,84,100,5.75,CA,1701198462
552,viedma,-40.8135,-62.9967,29.39,17,100,7.4,AR,1701198482
553,molchanovo,57.5817,83.7692,-13.16,93,51,2.06,RU,1701198482
554,watertown,42.3709,-71.1828,4.5,37,100,4.47,US,1701198077
555,guanare,9.0418,-69.7421,31.61,52,65,2.26,VE,1701198483
556,nisporeni,47.0814,28.1783,3.66,97,100,8.01,MD,1701198483
557,leua,48.2156,18.6071,2.54,86,100,4.46,SK,1701198484
558,pangody,65.85,74.4859,-7.4,95,100,5.51,RU,1701198484
